row_num,review_id,id,contract,clause_type,clause_text,category,disagreement_type,disagreement_direction,label_gap,clause_risk_profile,typical_risk_for_type,qwen_label,gemini_label,copilot_label,qwen_confidence,gemini_confidence,qwen_reason,gemini_reason,final_label,reviewer,notes
5028,MR-001,AtnInternationalInc_20191108_10-Q_EX-10.1_11878541_EX-10.1_Maintenance Agreement__Affiliate License-Licensee,AtnInternationalInc_20191108_10-Q_EX-10.1_11878541_EX-10.1_Maintenance Agreement,Affiliate License-Licensee,"Vendor hereby grants and promises to grant and have granted to AT&T and its Affiliates a royalty-free, nonexclusive, sublicensable, assignable, transferable, irrevocable, perpetual, world- wide license in and to any applicable Intellectual Property Rights of Vendor to use, copy, modify, distribute, display, perform, import, make, sell, offer to sell, and exploit (and have others do any of the foregoing on or for AT&T's or any of its customers' behalf or benefit) any Intellectual Property Rights of Vendor or any third party that are not included in Material or Paid-For Development but necessary to operate the Cell Sites or receive the full benefit of the Work.",MANUAL_REVIEW,LOW↔HIGH,Qwen↑,2,context-dependent — breadth of grant matters,LOW (57%),HIGH,LOW,Medium,0.0,1.0,"The clause grants the counterparty (AT&T) an extremely broad, perpetual, and irrevocable license to use, modify, and exploit the Vendor's intellectual property, including third-party IP, without compensation. This effectively transfers ownership-like rights to the counterparty and its customers, stripping the Vendor of control over their IP and creating significant long-term exposure.","This clause grants a broad, perpetual, worldwide, royalty-free, and sublicensable license to AT&T (the signing party) for intellectual property necessary to operate cell sites or receive the full benefit of the work. This is highly favorable to the signing party, providing extensive rights and flexibility without ongoing cost.",,Rajnish,
5029,MR-002,CardlyticsInc_20180112_S-1_EX-10.16_11002987_EX-10.16_Maintenance Agreement1__Affiliate License-Licensee,CardlyticsInc_20180112_S-1_EX-10.16_11002987_EX-10.16_Maintenance Agreement1,Affiliate License-Licensee,"Supplier hereby grants Bank of America a nonexclusive, worldwide, irrevocable, perpetual license to: (a) any patents related to or necessary or desirable to use the Software to the extent such patents are now held, licensed to or hereafter acquired by Supplier, for the purpose of allowing Bank of America and its Affiliates and permitted assigns to install, copy, use, execute, modify, distribute (as necessary or useful for Bank of America and its Affiliates and permitted assigns to enjoy their rights as set forth in the Agreement), make, have made, enhance, improve and alter the Software (both in Object Code and Source Code form) as necessary to conduct Bank of America business in accordance with the terms and restrictions or this Section; (b) any Copyrights now held, licensed to or hereafter acquired by Supplier in the Software for the purpose of allowing Bank of America and its Affiliates an permitted assigns to install, copy, use, execute, modify, distribute (as necessary or useful for Bank of America and its Affiliates and permitted assigns to enjoy their fights as set forth In the Agreement, produce derivative works from and",MANUAL_REVIEW,LOW↔HIGH,Qwen↑,2,context-dependent — breadth of grant matters,LOW (57%),HIGH,LOW,Medium,0.0,1.0,"The clause grants the licensee and its affiliates the right to modify, distribute, and create derivative works using the supplier's source code. This is highly unusual for a standard software license, as it effectively transfers ownership rights and control over the intellectual property to the customer, creating significant risk of IP dilution, unauthorized commercialization, and loss of exclusivity for the supplier.","The clause explicitly grants the license to Bank of America and its affiliates and permitted assigns, which is highly favorable to the signing party (Bank of America) as it extends the benefits of the license broadly within its corporate structure and to its successors, without requiring additional consent or separate licenses for affiliates.",,Rajnish,
5030,MR-003,"FOUNDATIONMEDICINE,INC_02_02_2015-EX-10.2-Collaboration Agreement__Affiliate License-Licensee","FOUNDATIONMEDICINE,INC_02_02_2015-EX-10.2-Collaboration Agreement",Affiliate License-Licensee,"for FMI to develop, make, have made, use, offer for sale, sell, import and commercialize the Immuno-Biomarker Discovery Platform, Signature Identification services, Clinical Study assays, CDx assays, or any other FMI testing or services (including that are part of the Genomic Analysis Platform).",MANUAL_REVIEW,LOW↔HIGH,Qwen↑,2,context-dependent — breadth of grant matters,LOW (57%),HIGH,LOW,Medium,0.0,0.9,"The clause grants the drafter (FMI) an expansive, unrestricted license to perform all commercial activities including manufacturing, selling, and importing, while the text provided appears to be a fragment lacking any reciprocal rights, limitations, or consideration for the signing party, creating a significant risk of one-sided exploitation of the signing party's assets.","This clause describes the scope of activities FMI (the licensee) is permitted to undertake with the licensed technology. It is a broad grant of rights, which is favorable to FMI as the signing party, allowing extensive commercialization and development. The clause does not impose limitations or obligations on FMI that would be considered risky.",,Rajnish,
5115,MR-088,AgapeAtpCorp_20191202_10-KA_EX-10.1_11911128_EX-10.1_Supply Agreement__Ip Ownership Assignment,AgapeAtpCorp_20191202_10-KA_EX-10.1_11911128_EX-10.1_Supply Agreement,Ip Ownership Assignment,"The Manufacturer has appointed the Customer the copyright holder of both the English and the Chinese version of the book How to achieve Super Health beyond 2000 - Advanced Edition, authored by Frank D.P. Ellis and Dr. Michael Tait M.D.",MANUAL_REVIEW,LOW↔HIGH,Qwen↑,2,typically HIGH — IP transfer to drafter,HIGH (76%),HIGH,LOW,High,0.95,1.0,"The clause unilaterally transfers full copyright ownership of the book to the Customer, stripping the Manufacturer (the signing party) of all rights to the work without any consideration, duration limits, or scope restrictions mentioned, which is a significant and disproportionate loss of intellectual property assets.","This clause explicitly states that the Customer (the signing party) is appointed the copyright holder, which is highly favorable as it grants intellectual property ownership to the signing party.",,Rajnish,
5116,MR-089,"BERKELEYLIGHTS,INC_06_26_2020-EX-10.12-COLLABORATION AGREEMENT__Ip Ownership Assignment","BERKELEYLIGHTS,INC_06_26_2020-EX-10.12-COLLABORATION AGREEMENT",Ip Ownership Assignment,"In no event shall Ginkgo, and Ginkgo shall cause its Affiliates to not, file any patent applications covering (or support existing patent applications covering) the [***] and, in the event Ginkgo (or its Affiliates) do file one or more of such patent applications, Ginkgo will and hereby does assign, and shall cause its employees, agents and contractors to assign, to BLI all rights, title and interests in, to and under such patent applications.",MANUAL_REVIEW,LOW↔HIGH,Qwen↑,2,typically HIGH — IP transfer to drafter,HIGH (76%),HIGH,LOW,High,0.95,1.0,"The clause imposes a strict prohibition on the signing party (Ginkgo) and its affiliates from filing any patent applications on the specified subject matter, while simultaneously mandating an immediate and broad assignment of all rights to the counterparty (BLI). This creates a significant risk by stripping the signing party of all future IP rights and control over the technology without any reciprocal benefit, limitation on scope, or consideration mentioned in the text.",This clause is favorable to the signing party (BLI) as it ensures that any patent applications filed by Ginkgo (the counterparty) covering the specified subject matter are automatically assigned to BLI. This protects BLI's intellectual property interests and prevents the counterparty from asserting ownership over relevant patents.,,Rajnish,
5117,MR-090,"CERES,INC_01_25_2012-EX-10.20-Collaboration Agreement__Ip Ownership Assignment","CERES,INC_01_25_2012-EX-10.20-Collaboration Agreement",Ip Ownership Assignment,The Parties acknowledge that Defra is expected to assign or license exclusively to IGER any rights in Intellectual Property which would vest in  Defra or the Crown or the Secretary of State pursuant to the DEFRA agreement NF 0426.,MANUAL_REVIEW,LOW↔HIGH,Qwen↑,2,typically HIGH — IP transfer to drafter,HIGH (76%),HIGH,LOW,High,0.95,0.9,"The clause mandates an exclusive assignment or license of all IP rights to the counterparty (IGER) for work that would otherwise vest in the signing party (Defra) or the Crown, creating a significant and disproportionate loss of ownership without reciprocal consideration or scope limitations.","This clause indicates that Defra (the counterparty to IGER) is expected to assign or exclusively license IP to IGER. From the perspective of IGER (the signing party), this is a favorable term as it ensures IGER will receive rights to relevant IP from Defra, rather than assigning its own IP away.",,Rajnish,
5118,MR-091,ClickstreamCorp_20200330_1-A_EX1A-6 MAT CTRCT_12089935_EX1A-6 MAT CTRCT_Development Agreement__Ip Ownership Assignment,ClickstreamCorp_20200330_1-A_EX1A-6 MAT CTRCT_12089935_EX1A-6 MAT CTRCT_Development Agreement,Ip Ownership Assignment,The Developer recognizes that the complete Intellectual Property of the project belongs to the Client,MANUAL_REVIEW,LOW↔HIGH,Qwen↑,2,typically HIGH — IP transfer to drafter,HIGH (76%),HIGH,LOW,High,0.95,1.0,"The clause grants the Client ownership of all project IP without limitation, excluding any pre-existing IP of the Developer or IP created outside the specific project scope, creating a total transfer of rights that severely disadvantages the signing party.","From the perspective of the Client (the signing party in this scenario, as the counterparty to the Developer), this clause is highly favorable. It explicitly states that all intellectual property for the project belongs to the Client, which is the desired outcome for a party commissioning development work.",,Rajnish,
5119,MR-092,IGENEBIOTECHNOLOGYINC_05_13_2003-EX-1-JOINT VENTURE AGREEMENT__Ip Ownership Assignment,IGENEBIOTECHNOLOGYINC_05_13_2003-EX-1-JOINT VENTURE AGREEMENT,Ip Ownership Assignment,"Subject to the terms and conditions of this Agreement, Igene shall transfer and assign, or cause to be transferred and assigned,





to the Operating Company the Transferred Assets described in Appendix 3.2.",MANUAL_REVIEW,LOW↔HIGH,Qwen↑,2,typically HIGH — IP transfer to drafter,HIGH (76%),HIGH,LOW,High,0.85,0.9,"The clause mandates an unconditional transfer of all 'Transferred Assets' to the counterparty (Operating Company) without specifying the scope of assets, consideration, or any carve-outs for pre-existing IP, creating a risk of losing ownership of all relevant intellectual property created by the signing party.","This clause describes the transfer of assets from Igene to the Operating Company. From the perspective of the Operating Company (the counterparty to Igene), this clause is favorable as it ensures the transfer of specified assets, which is likely a core benefit of the agreement. The risk is low because it confirms the acquisition of assets rather than the assignment of IP created by the Operating Company.",,Rajnish,
5120,MR-093,INGEVITYCORP_05_16_2016-EX-10.5-INTELLECTUAL PROPERTY AGREEMENT__Ip Ownership Assignment,INGEVITYCORP_05_16_2016-EX-10.5-INTELLECTUAL PROPERTY AGREEMENT,Ip Ownership Assignment,"Parent shall, and shall cause the applicable members of its Group to, contribute, assign, transfer, convey and deliver to SpinCo, or to the applicable SpinCo Designees, and SpinCo shall, and shall cause such SpinCo Designees to, accept from Parent and the applicable members of the Parent Group, all of Parent's and such Parent Group member's respective direct or indirect right, title and interest in and to all of the SpinCo IP Assets (it being understood that if any SpinCo IP Asset shall be held by a Transferred Entity or a wholly owned Subsidiary of a Transferred Entity, such SpinCo IP Asset may be assigned, transferred, conveyed and delivered to SpinCo as a result of the transfer of all of the equity interests in such Transferred Entity from Parent or the applicable members of the Parent Group to SpinCo or the applicable SpinCo Designee);",MANUAL_REVIEW,LOW↔HIGH,Qwen↑,2,typically HIGH — IP transfer to drafter,HIGH (76%),HIGH,LOW,High,0.95,1.0,"The clause mandates a mandatory, unconditional, and broad assignment of all existing and future intellectual property rights from the signing party (Parent) to the counterparty (SpinCo) without any consideration, time limits, or scope restrictions, effectively stripping the signing party of ownership of its IP assets.","This clause describes an assignment of IP from Parent to SpinCo. From SpinCo's perspective (the signing party in this context, as the recipient of the IP), this clause is favorable as it ensures the transfer of all relevant IP assets to SpinCo. It is a standard mechanism for IP transfer in corporate spin-off or asset transfer scenarios.",,Rajnish,
5121,MR-094,"INNOVIVA,INC_08_07_2014-EX-10.1-COLLABORATION AGREEMENT__Ip Ownership Assignment","INNOVIVA,INC_08_07_2014-EX-10.1-COLLABORATION AGREEMENT",Ip Ownership Assignment,In the event that this Agreement is terminated by Theravance pursuant to Section 14.2 for material breach by GSK:,MANUAL_REVIEW,LOW↔HIGH,Qwen↑,2,typically HIGH — IP transfer to drafter,HIGH (76%),HIGH,LOW,High,0.85,0.0,"The clause creates a one-sided trigger where the counterparty (GSK) loses IP rights solely based on a termination initiated by the drafter (Theravance) for a material breach, without reciprocal rights for the drafter or protections for the counterparty's independent IP, creating disproportionate exposure.","This clause is a condition precedent to an intellectual property ownership assignment, but the provided text only describes the trigger condition (termination by Theravance for GSK's material breach) and not the actual assignment terms. From the perspective of GSK (the signing party), this specific trigger condition is not inherently risky as it only activates upon their own material breach, which is within their control to avoid. Without the actual assignment language, it's impossible to assess the risk of the IP transfer itself, but the trigger alone is standard.",,Rajnish,
5122,MR-095,"KNOWLABS,INC_08_15_2005-EX-10-INTELLECTUAL PROPERTY AGREEMENT__Ip Ownership Assignment","KNOWLABS,INC_08_15_2005-EX-10-INTELLECTUAL PROPERTY AGREEMENT",Ip Ownership Assignment,"Turpin shall, at the Company's  request,  assist with, execute      and   deliver   all   further   documents,   applications,    declarations,      verifications,  submissions,  transfers  and  assignments  and do all other      things requested by the Company, acting reasonably,  during the term hereof      and  thereafter,  at the expense of the  Company,  but  without  additional      compensation,  to enable the Company or its nominees to apply for, acquire,      prosecute,  perfect,  enforce and/or maintain any and all right,  title and      interest, in any country, in and to the Confidential Information,  the Work      Product and the Intellectual Property Rights in same.",MANUAL_REVIEW,LOW↔HIGH,Gemini↑,2,typically HIGH — IP transfer to drafter,HIGH (76%),LOW,HIGH,High,0.0,1.0,"The clause imposes a standard post-creation assistance obligation on the signing party (Turpin) to perfect the counterparty's rights, which is typical for IP assignment agreements. Crucially, it includes protective terms for the signing party: the counterparty bears all costs ('at the expense of the Company') and no extra fees are required ('without additional compensation'), preventing financial exploitation beyond the initial scope.","This clause requires the signing party (Turpin) to assist the Company in acquiring and maintaining all rights, title, and interest in Confidential Information, Work Product, and related Intellectual Property Rights. This implies that ownership of IP created by Turpin, or related to the work, is assigned to the Company, which is a significant risk for the signing party as they lose ownership of their creations. The clause is heavily one-sided, benefiting the drafter (Company) by ensuring they secure all IP rights without additional compensation to Turpin for this assistance.",,Rajnish,
5123,MR-096,ParatekPharmaceuticalsInc_20170505_10-KA_EX-10.29_10323872_EX-10.29_Outsourcing Agreement__Ip Ownership Assignment,ParatekPharmaceuticalsInc_20170505_10-KA_EX-10.29_10323872_EX-10.29_Outsourcing Agreement,Ip Ownership Assignment,"Supplier agrees to assign (and cause its employees or permitted subcontractors to assign), and does hereby assign, any and all rights, title and interests of Supplier in, to or under any Inventions to Customer.",MANUAL_REVIEW,LOW↔HIGH,Qwen↑,2,typically HIGH — IP transfer to drafter,HIGH (76%),HIGH,LOW,High,0.95,1.0,"The clause mandates an immediate and blanket assignment of all current and future inventions to the Customer without limiting the scope to work performed specifically under the contract or requiring compensation. This exposes the Supplier to the loss of ownership over unrelated pre-existing or independently developed IP, creating a significant and disproportionate risk.","From the perspective of the Customer (the signing party in this scenario, as the counterparty to the drafter), this clause is highly favorable. It ensures that all intellectual property created by the Supplier (and its personnel) related to 'Inventions' is assigned to the Customer, providing clear ownership and protection for the Customer's interests. This is a standard and expected term when a customer is commissioning work that involves IP creation.",,Rajnish,
5124,MR-097,PlayboyEnterprisesInc_20090220_10-QA_EX-10.2_4091580_EX-10.2_Content License Agreement_ Marketing Agreement_ Sales-Purchase Agreement1__Ip Ownership Assignment,PlayboyEnterprisesInc_20090220_10-QA_EX-10.2_4091580_EX-10.2_Content License Agreement_ Marketing Agreement_ Sales-Purchase Agreement1,Ip Ownership Assignment,"EFS hereby irrevocably assigns, and Client hereby accepts, all right,  title and interest in and to each and every Authorized Modification, and EFS agrees to cooperate with all reasonable requests by  Client to effect or perfect such assignment.",MANUAL_REVIEW,LOW↔HIGH,Qwen↑,2,typically HIGH — IP transfer to drafter,HIGH (76%),HIGH,LOW,High,0.95,1.0,"The clause mandates an irrevocable, blanket assignment of all rights to any modifications created by the signing party (EFS) to the Client. This grants the Client ownership of derivative works or improvements without any limitation on scope, duration, or compensation, effectively stripping the signing party of future rights to their own creative output.","This clause is favorable to the Client (the signing party) as it explicitly states that EFS (the counterparty) irrevocably assigns all intellectual property rights in 'Authorized Modifications' to the Client, and the Client accepts these rights. This ensures the Client owns the IP created for them.",,Rajnish,
5125,MR-098,"VIRTUALSCOPICS,INC_11_12_2010-EX-10.1-STRATEGIC ALLIANCE AGREEMENT__Ip Ownership Assignment","VIRTUALSCOPICS,INC_11_12_2010-EX-10.1-STRATEGIC ALLIANCE AGREEMENT",Ip Ownership Assignment,"Unless otherwise addressed in an Intellectual Property Amendment, PPD hereby assigns to VS all rights that PPD may have in any invention, technology, know-how or other intellectual property which is developed with use of Confidential Information provided to PPD by VS.",MANUAL_REVIEW,LOW↔HIGH,Qwen↑,2,typically HIGH — IP transfer to drafter,HIGH (76%),HIGH,LOW,High,0.95,1.0,"The clause mandates a broad, unconditional assignment of all IP rights developed by PPD simply based on the use of VS's confidential information, without limiting the scope to inventions directly derived from that information or requiring compensation, creating significant exposure for PPD's independent innovations.","This clause assigns IP developed using the counterparty's (VS's) confidential information back to the counterparty. From the perspective of PPD (the signing party), this is a standard and expected provision to protect the disclosing party's IP and ensure that their confidential information doesn't lead to IP ownership claims by the receiving party. It is a reasonable protection for the party providing the confidential information.",,Rajnish,
5126,MR-099,XENCORINC_10_25_2013-EX-10.24-COLLABORATION AGREEMENT (3)__Ip Ownership Assignment,XENCORINC_10_25_2013-EX-10.24-COLLABORATION AGREEMENT (3),Ip Ownership Assignment,XENCOR agrees to assign and hereby assigns to BII all right title and interest it may have in any BII Intellectual Property.,MANUAL_REVIEW,LOW↔HIGH,Qwen↑,2,typically HIGH — IP transfer to drafter,HIGH (76%),HIGH,LOW,High,0.95,0.9,"The clause mandates an immediate and unconditional assignment of all rights to 'BII Intellectual Property' to the counterparty (BII). This is highly one-sided as it grants the counterparty ownership of the signing party's (Xencor's) existing or future IP related to BII without any consideration, limitation to specific projects, or protection for pre-existing IP, creating significant exposure to loss of proprietary assets.","This clause states that XENCOR assigns to BII any intellectual property that is already considered 'BII Intellectual Property'. From the perspective of the signing party (XENCOR), this is a low risk as it only confirms BII's ownership of its own IP, which is standard and expected. It does not assign any IP created by XENCOR to BII, only IP already defined as BII's.",,Rajnish,
5145,MR-118,AtnInternationalInc_20191108_10-Q_EX-10.1_11878541_EX-10.1_Maintenance Agreement__License Grant,AtnInternationalInc_20191108_10-Q_EX-10.1_11878541_EX-10.1_Maintenance Agreement,License Grant,"Vendor hereby grants and promises to grant and have granted to AT&T and its Affiliates a royalty-free, nonexclusive, sublicensable, assignable, transferable, irrevocable, perpetual, world- wide license in and to any applicable Intellectual Property Rights of Vendor to use, copy, modify, distribute, display, perform, import, make, sell, offer to sell, and exploit (and have others do any of the foregoing on or for AT&T's or any of its customers' behalf or benefit) any Intellectual Property Rights of Vendor or any third party that are not included in Material or Paid-For Development but necessary to operate the Cell Sites or receive the full benefit of the Work.",MANUAL_REVIEW,LOW↔HIGH,Qwen↑,2,typically LOW — rights granted to signing party,LOW (55%),HIGH,LOW,Medium,0.0,1.0,"The clause grants the counterparty (AT&T) an extremely broad, perpetual, and irrevocable license to use, modify, and exploit the Vendor's intellectual property, including third-party IP, without compensation. This effectively transfers ownership-like rights to the counterparty and its customers, stripping the Vendor of control over their IP and creating significant long-term exposure.","This clause grants a broad, perpetual, worldwide, royalty-free, and sublicensable license to AT&T (the signing party) for intellectual property necessary to operate cell sites or receive the full benefit of the work. This is highly favorable to the signing party, providing extensive rights and flexibility without ongoing cost.",,Rajnish,
5146,MR-119,BIOAMBERINC_04_10_2013-EX-10.34-DEVELOPMENT AGREEMENT (1)__License Grant,BIOAMBERINC_04_10_2013-EX-10.34-DEVELOPMENT AGREEMENT (1),License Grant,"Bioamber hereby grants Cargill, and Cargill hereby accepts, an exclusive, worldwide, royalty-free license with an unlimited right to  sublicense under and to Bioamber Improvements for use outside the Field during the term of this Development Agreement.",MANUAL_REVIEW,LOW↔HIGH,Qwen↑,2,typically LOW — rights granted to signing party,LOW (55%),HIGH,LOW,Medium,0.9,1.0,"The signing party (Cargill) receives an exclusive, worldwide, royalty-free license with unlimited sublicensing rights for 'Improvements' outside the defined Field. This grants the signing party broad, perpetual control over the licensor's future innovations without compensation, creating a significant risk of losing the licensor's ability to commercialize their own technology in related areas and potentially locking the licensor out of their own market.","From the perspective of Cargill (the signing party and licensee), this clause grants a highly favorable, broad, and unrestricted license. It is exclusive, worldwide, royalty-free, and includes an unlimited right to sublicense, which provides significant commercial flexibility and value to Cargill.",,Rajnish,
5147,MR-120,EtonPharmaceuticalsInc_20191114_10-Q_EX-10.1_11893941_EX-10.1_Development Agreement__License Grant,EtonPharmaceuticalsInc_20191114_10-Q_EX-10.1_11893941_EX-10.1_Development Agreement,License Grant,"Aucta, for itself and its Affiliates, hereby grants to ETON in accordance with the terms and conditions of this Agreement, an exclusive (even as to and against Aucta in the Territory) right and license, including the right to sublicense, to the Products (or any components thereof), Dossiers, and all current and future Aucta Background Intellectual Property that is owned or controlled by Aucta or its Affiliates for ETON to develop, manufacture, import, use, promote, distribute, market, advertise, offer for sale or sell (collectively, ""Market"") the Products in and for the Territory.",MANUAL_REVIEW,LOW↔HIGH,Qwen↑,2,typically LOW — rights granted to signing party,LOW (55%),HIGH,LOW,Medium,0.0,1.0,"The clause grants ETON an exclusive license that explicitly includes exclusivity against the drafter (Aucta) itself within the Territory. This creates a significant risk for ETON as it locks them into a single source for the Products and related IP, preventing them from sourcing alternatives or engaging with other providers for the same technology in that region, which severely limits their operational flexibility and bargaining power.","From the perspective of ETON (the signing party), this clause grants an exclusive license, which is highly favorable as it prevents Aucta from competing with ETON in the specified territory for the licensed products and IP. This provides ETON with a strong market position.",,Rajnish,
5148,MR-121,GluMobileInc_20070319_S-1A_EX-10.09_436630_EX-10.09_Content License Agreement1__License Grant,GluMobileInc_20070319_S-1A_EX-10.09_436630_EX-10.09_Content License Agreement1,License Grant,"Except as otherwise specifically stated herein with respect to the Wireless Products, Licensee shall have no right to develop, manufacture, reproduce, distribute, sell or exploit any other products based on the PSM or the Property.",MANUAL_REVIEW,LOW↔HIGH,Gemini↑,2,typically LOW — rights granted to signing party,LOW (55%),LOW,HIGH,Medium,0.95,0.9,"This is a standard and expected restriction in a license agreement, clearly defining the scope of the grant by explicitly prohibiting the licensee from creating derivative works or competing products. It protects the licensor's intellectual property without imposing unusual or disproportionate burdens on the licensee beyond the normal boundaries of a limited license.","This clause severely restricts the licensee's ability to use the licensed property (PSM or the Property) for any purpose beyond what is specifically granted for 'Wireless Products'. It explicitly denies the licensee the right to develop, manufacture, reproduce, distribute, sell, or exploit any other products based on the licensed property, which is a significant limitation on potential business expansion or innovation for the licensee.",,Rajnish,
5149,MR-122,NakedBrandGroupInc_20150731_POS AM (on S-1)_EX-10.75_9196027_EX-10.75_Endorsement Agreement__License Grant,NakedBrandGroupInc_20150731_POS AM (on S-1)_EX-10.75_9196027_EX-10.75_Endorsement Agreement,License Grant,"During the Term and subject to the limitations set forth in this Agreement, Naked shall have an exclusive right and license in the Territory to use Athlete's name, nickname, initials, autograph, image, likeness, photographs, biographical details, facsimile signature, voice, videos, electronic media depictions, any words, symbols or other depictions, as well as any other identifying attributes that would identify Athlete to the public, including any trade mark(s), copyrights which Wade has, as set forth on Schedule A attached hereto, and all multimedia assets that Wade owns or has right to use (collectively, the ""Wade Image"") solely for the advertising, endorsement, promotion, or sale of the Naked Products (including the Wade Products) in the Territory as follows:",MANUAL_REVIEW,LOW↔HIGH,Gemini↑,2,typically LOW — rights granted to signing party,LOW (55%),LOW,HIGH,Medium,0.95,1.0,"The exclusivity is granted to the signing party (Naked) rather than imposed upon them, and the scope is clearly limited to specific products and the defined Territory, which is a standard and favorable arrangement for a licensee.","This clause grants Naked an exclusive right and license to use a broad range of Athlete's identifying attributes and multimedia assets for the promotion and sale of Naked Products within the Territory. This significantly restricts the Athlete's ability to license or use their own image and likeness for other products or services, even if unrelated to Naked's specific product line, within the defined territory. The scope of 'Wade Image' is very broad, encompassing virtually all identifying attributes, which creates a heavily one-sided arrangement benefiting Naked and limiting the Athlete's commercial opportunities.",,Rajnish,
5150,MR-123,PacificapEntertainmentHoldingsInc_20051115_8-KA_EX-1.01_4300894_EX-1.01_Content License Agreement__License Grant,PacificapEntertainmentHoldingsInc_20051115_8-KA_EX-1.01_4300894_EX-1.01_Content License Agreement,License Grant,"Subject to the terms and conditions of this Agreement, PACIFICAP ENTERTAINMENT hereby grants to THE HENRY FILM AND ENTERTAINMENT CORPORATION, under PACIFICAP ENTERTAINMENT'S full ownership and or fully authorized licensing Rights of Content

  (a) A 10 year exclusive, worldwide license to use, modify, reproduce, distribute, display and transmit any and all PACIFICAP ENTERTAINMENT nostalgic television show library Content.",MANUAL_REVIEW,LOW↔HIGH,Qwen↑,2,typically LOW — rights granted to signing party,LOW (55%),HIGH,LOW,Medium,0.0,1.0,"The signing party (PACIFICAP ENTERTAINMENT) grants a decade-long, global exclusive license covering the entire nostalgic television show library, effectively locking the drafter out of all other commercial opportunities for their core assets for a significant period without any stated performance milestones or termination rights for non-use.","From the perspective of THE HENRY FILM AND ENTERTAINMENT CORPORATION (the licensee), this clause grants an exclusive, worldwide license for a significant duration (10 years) to a valuable content library. This is highly favorable to the signing party as it secures exclusive rights, preventing competitors from accessing the same content and providing a strong market position.",,Rajnish,
5151,MR-124,WebmdHealthCorp_20050908_S-1A_EX-10.7_1027007_EX-10.7_Content License Agreement__License Grant,WebmdHealthCorp_20050908_S-1A_EX-10.7_1027007_EX-10.7_Content License Agreement,License Grant,"Subject to Emdeon's compliance with the provisions of this Agreement, Emdeon is hereby authorized and licensed to use the Content by making such Content available to third parties verbatim or as source material via the Software.",MANUAL_REVIEW,LOW↔HIGH,Qwen↑,2,typically LOW — rights granted to signing party,LOW (55%),HIGH,LOW,Medium,0.9,0.9,"The clause grants the drafter (Emdeon) an expansive right to distribute the signing party's content to third parties verbatim or as source material, which creates significant exposure for unauthorized redistribution and loss of control over the content's integrity and usage scope.","The clause grants Emdeon (the signing party) a clear license to use the Content and make it available to third parties, which is favorable for Emdeon's business model as described. The 'Subject to Emdeon's compliance' is a standard condition for any license.",,Rajnish,
5194,MR-167,BIOAMBERINC_04_10_2013-EX-10.34-DEVELOPMENT AGREEMENT (1)__Non-Transferable License,BIOAMBERINC_04_10_2013-EX-10.34-DEVELOPMENT AGREEMENT (1),Non-Transferable License,"Bioamber hereby grants Cargill, and Cargill hereby accepts, an exclusive, worldwide, royalty-free license with an unlimited right to  sublicense under and to Bioamber Improvements for use outside the Field during the term of this Development Agreement.",MANUAL_REVIEW,LOW↔HIGH,Qwen↑,2,typically MEDIUM — scope of restriction matters,MEDIUM (63%),HIGH,LOW,Medium,0.9,1.0,"The signing party (Cargill) receives an exclusive, worldwide, royalty-free license with unlimited sublicensing rights for 'Improvements' outside the defined Field. This grants the signing party broad, perpetual control over the licensor's future innovations without compensation, creating a significant risk of losing the licensor's ability to commercialize their own technology in related areas and potentially locking the licensor out of their own market.","From the perspective of Cargill (the signing party and licensee), this clause grants a highly favorable, broad, and unrestricted license. It is exclusive, worldwide, royalty-free, and includes an unlimited right to sublicense, which provides significant commercial flexibility and value to Cargill.",,Rajnish,
5195,MR-168,DovaPharmaceuticalsInc_20181108_10-Q_EX-10.2_11414857_EX-10.2_Promotion Agreement__Non-Transferable License,DovaPharmaceuticalsInc_20181108_10-Q_EX-10.2_11414857_EX-10.2_Promotion Agreement,Non-Transferable License,"Except to Affiliates of Valeant, Valeant's rights and obligations under this Section 2.1 are non-transferable, non-assignable, and non-delegable.",MANUAL_REVIEW,LOW↔HIGH,Qwen↑,2,typically MEDIUM — scope of restriction matters,MEDIUM (63%),HIGH,LOW,Medium,0.95,0.9,"The clause explicitly prohibits Valeant from transferring its rights or obligations to any third party except for affiliates, creating a heavily one-sided restriction that locks the signing party into a specific counterparty without the flexibility to assign the contract in the event of a merger, acquisition, or restructuring.","This clause restricts the transferability of Valeant's rights and obligations, not the signing party's. From the perspective of the counterparty to Valeant, this limitation on Valeant's ability to transfer its obligations is generally favorable or neutral, as it ensures the signing party continues to deal with Valeant directly. The exception for Affiliates is standard.",,Rajnish,
5196,MR-169,EUROPEANMICROHOLDINGSINC_03_06_1998-EX-10.6-DISTRIBUTOR AGREEMENT__Non-Transferable License,EUROPEANMICROHOLDINGSINC_03_06_1998-EX-10.6-DISTRIBUTOR AGREEMENT,Non-Transferable License,"Subject to the terms and conditions of this Agreement, WGT      grants to Distributor a nontransferable license to do the following in the      Territory during the Term:

(a)  market and distribute the Product to resellers;

(b)  demonstrate the Product to potential resellers;

(c)  use the Product internally for the sole purpose of providing this product      support specified in paragraph 4.1(c);

(d)  use and display the Trademarks in connection with marketing and      distributing the Product in the Territory pursuant to paragraphs (a) and      (b) above.",MANUAL_REVIEW,LOW↔HIGH,Gemini↑,2,typically MEDIUM — scope of restriction matters,MEDIUM (63%),LOW,HIGH,Medium,0.0,1.0,"The clause explicitly restricts the Distributor from transferring the license, which is a standard and expected term in distribution agreements to maintain control over the supply chain and brand representation; it does not impose unusual liabilities or one-sided burdens beyond the normal scope of a non-transferable grant.","The clause explicitly states the license is 'nontransferable,' which significantly restricts the Distributor's ability to sell, assign, or otherwise transfer its rights under the license to a third party. This limits the Distributor's flexibility and potential exit strategies, making it a high risk from the perspective of the signing party.",,Rajnish,
5197,MR-170,RemarkHoldingsInc_20081114_10-Q_EX-10.24_2895649_EX-10.24_Content License Agreement__Non-Transferable License,RemarkHoldingsInc_20081114_10-Q_EX-10.24_2895649_EX-10.24_Content License Agreement,Non-Transferable License,HSWI Websites).,MANUAL_REVIEW,LOW↔HIGH,Qwen↑,2,typically MEDIUM — scope of restriction matters,MEDIUM (63%),HIGH,LOW,Medium,0.0,0.1,"The provided text is a fragmentary phrase lacking any operative language defining transfer rights, creating significant ambiguity and potential for the drafter to assert a total prohibition on assignment by default or through interpretation of the incomplete clause.","The provided text is too short and fragmentary to assess any risk related to non-transferable licenses. It appears to be an incomplete sentence or a reference to a defined term, offering no substantive contractual terms for evaluation.",,Rajnish,
5206,MR-179,GpaqAcquisitionHoldingsInc_20200123_S-4A_EX-10.6_11951677_EX-10.6_License Agreement__Price Restrictions,GpaqAcquisitionHoldingsInc_20200123_S-4A_EX-10.6_11951677_EX-10.6_License Agreement,Price Restrictions,"To the extent that the Village Media Company and PFHOF work collaboratively on media projects, the EP's services on such projects for the benefit of PFHOF shall be charged to PFHOF at cost without markup.",MANUAL_REVIEW,LOW↔HIGH,Qwen↑,2,typically MEDIUM — unilateral change rights,MEDIUM (80%),HIGH,LOW,Medium,0.95,1.0,"The clause mandates that the signing party (EP) provide services at cost without any profit margin, creating a significant financial risk by eliminating the ability to earn revenue or cover overhead on collaborative projects, which is heavily one-sided in favor of the drafter (PFHOF).","This clause explicitly states that services provided to PFHOF (the signing party) in collaborative media projects will be charged at cost without any markup. This is highly favorable to PFHOF as it guarantees the lowest possible price for those specific services, eliminating profit margins for the counterparty.",,Rajnish,
5220,MR-193,"VAPOTHERM, INC. - Manufacturing and Supply Agreement__Rofr/Rofo/Rofn","VAPOTHERM, INC. - Manufacturing and Supply Agreement",Rofr/Rofo/Rofn,"Notwithstanding anything to the contrary in this Agreement, Medica shall neither enter into an agreement to nor shall consummate (a) any Change of Control or (b) any sale of all or substantially all of its assets relating to the manufacture of the Cartridges unless (a) it provides Vapotherm written notice of any such proposed transaction, which notice shall include the specific terms and conditions of the proposed transaction, including the identify of the proposed acquirer, (b) Medica offers to enter into such transaction with Vapotherm on substantially the same terms and conditions, and (c) with [* * *] days of such notice, Vapotherm declines to accept such offer.",MANUAL_REVIEW,LOW↔HIGH,Qwen↑,2,typically MEDIUM — window length matters,LOW (65%),HIGH,LOW,Medium,0.95,1.0,"The clause imposes a strict prohibition on Medica (the signing party) executing a Change of Control or asset sale without first offering the deal to Vapotherm on the exact same terms. This creates a significant operational constraint and potential loss of strategic exit opportunities, as Medica cannot proceed with a third-party transaction unless Vapotherm explicitly declines, effectively giving Vapotherm a veto power over Medica's fundamental corporate transactions.","This clause grants Vapotherm a right of first refusal (ROFR) on a Change of Control or sale of substantially all assets related to cartridge manufacturing. From Vapotherm's perspective (the signing party in this scenario, as the beneficiary of the ROFR), this is a favorable protection, allowing them to match any third-party offer and potentially acquire critical assets or control. This is a beneficial right for the signing party.",,Rajnish,
5231,MR-204,ACCURAYINC_09_01_2010-EX-10.31-DISTRIBUTOR AGREEMENT__Uncapped Liability,ACCURAYINC_09_01_2010-EX-10.31-DISTRIBUTOR AGREEMENT,Uncapped Liability,"Without affecting Section 10 or the respective obligations of the parties under the Confidentiality Agreement and except  for any liability (i) relating to any breach associated with the unauthorized use of Intellectual Property, (ii) arising from the  intentional breach or willful misconduct of a party, or (iii) arising from the non-compliance with any mandatory applicable law or  regulation, the total aggregate liability of one party to another party for any claim relating to any breach of this Agreement (or any  Purchase Order or other agreement entered into in connection with this Agreement) (a ""Claim"") shall be limited to the aggregate  amount of the purchase prices paid by Distributor to Accuray for Products pursuant to this Agreement (or any Purchase Order or  other Agreement entered into in connection with this Agreement) during the twelve calendar months preceding the date of the  notification to the other party of such Claim less any amounts paid or payable in respect of any other Claim of which the other party  was notified during such twelve month period.",MANUAL_REVIEW,LOW↔HIGH,Gemini↑,2,context-dependent — read text not type name,LOW (45%),LOW,HIGH,High,1.0,1.0,"The clause establishes a clear, standard monetary cap on liability based on actual payments made, which is a balanced and common market practice that protects the signing party from unlimited exposure while excluding critical risks like IP infringement, willful misconduct, and legal non-compliance from the cap.","The clause carves out significant areas from the liability cap, including unauthorized use of Intellectual Property, intentional breach or willful misconduct, and non-compliance with mandatory law. These exceptions leave the signing party with uncapped liability for common and potentially very costly breaches, creating substantial financial exposure.",,Rajnish,
5232,MR-205,Apollo Endosurgery - Manufacturing and Supply Agreement__Uncapped Liability,Apollo Endosurgery - Manufacturing and Supply Agreement,Uncapped Liability,"EXCEPT FOR BREACHES OR VIOLATIONS OF ARTICLE 9, OR INDEMNITY LIABILITIES ARISING UNDER THIS ARTICLE 8, OR CASES OF GROSS NEGLIGENCE OR WILLFUL MISCONDUCT, IN NO EVENT SHALL EITHER PARTY BE LIABLE TO THE OTHER FOR ANY CONSEQUENTIAL, INDIRECT, SPECIAL, INCIDENTAL OR PUNITIVE DAMAGES INCLUDING LOSS OF USE, REVENUES OR PROFITS, INTERRUPTION OF BUSINESS OR CLAIMS AGAINST EITHER PARTY OR ITS CUSTOMERS BY ANY THIRD PARTY, WHETHER SUCH CLAIM IS BASED IN CONTRACT, TORT (INCLUDING NEGLIGENCE), STRICT LIABILITY OR OTHERWISE, EVEN IF THE PARTY IS ADVISED OF THE POSSIBILITY OF SUCH DAMAGES.",MANUAL_REVIEW,LOW↔HIGH,Gemini↑,2,context-dependent — read text not type name,LOW (45%),LOW,HIGH,High,0.0,1.0,"The clause excludes liability for consequential damages but preserves significant protections for the signing party through specific carve-outs for gross negligence, willful misconduct, and defined indemnity obligations, resulting in a balanced and standard commercial allocation of risk.","This clause carves out significant areas from the general limitation on consequential damages, including breaches of Article 9, indemnity liabilities under Article 8, and gross negligence or willful misconduct. For the signing party, this means that liability for these specific breaches or actions remains uncapped, potentially exposing them to substantial and unlimited consequential, indirect, special, incidental, or punitive damages. This creates a high risk due to the broad nature of the carve-outs, especially without knowing the content of Article 9 or Article 8, which could encompass critical obligations like IP or confidentiality, leading to disproportionate liability exposure.",,Rajnish,
5233,MR-206,AtnInternationalInc_20191108_10-Q_EX-10.1_11878541_EX-10.1_Maintenance Agreement__Uncapped Liability,AtnInternationalInc_20191108_10-Q_EX-10.1_11878541_EX-10.1_Maintenance Agreement,Uncapped Liability,"Notwithstanding anything contained in this Agreement to the contrary, neither Party shall be liable to the other Party for any special, consequential, incidental or punitive damages, however caused, based on any theory of liability except to the extent such damages are payable by such Party (a) pursuant to its indemnification obligations under Section 3.15 and infringement indemnification obligations under Section 3.17, (b) arising out of or resulting from such Party's breach of its confidentiality obligations set forth in this Agreement (including Section 3.16, Section 3.48, Section 4.2 and Exhibit A attached hereto) or (c) in connection with a Third Party Loss arising out of or resulting from such Party's violation of applicable Law.",MANUAL_REVIEW,LOW↔HIGH,Gemini↑,2,context-dependent — read text not type name,LOW (45%),LOW,HIGH,High,1.0,1.0,"The clause establishes a mutual cap on liability for consequential and punitive damages, which is standard market practice and balanced as it applies to both parties equally rather than exposing the signing party to unlimited risk.","While the clause generally excludes special, consequential, incidental, or punitive damages, it carves out significant exceptions where these damages are not limited. The signing party's liability for indemnification obligations (including IP infringement), breach of confidentiality, and violations of applicable law leading to third-party losses remains uncapped for these types of damages. This creates substantial, potentially unlimited, financial exposure for the signing party in critical areas, which is a high risk.",,Rajnish,
5234,MR-207,"BERKELEYLIGHTS,INC_06_26_2020-EX-10.12-COLLABORATION AGREEMENT__Uncapped Liability","BERKELEYLIGHTS,INC_06_26_2020-EX-10.12-COLLABORATION AGREEMENT",Uncapped Liability,"EXCEPT TO THE EXTENT ARISING (A) FROM A PARTY'S BREACH OF ARTICLE 10 (CONFIDENTIALITY), (B) [***] (E) FROM A PARTY'S FRAUD, GROSS NEGLIGENCE OR WILLFUL MISCONDUCT OR (F) IN CONNECTION WITH A PARTY'S INDEMNIFICATION OBLIGATIONS UNDER ARTICLE 12 (INDEMNIFICATION; INSURANCE), IN NO EVENT WILL EITHER PARTY BE LIABLE TO THE OTHER PARTY FOR ANY LOST PROFITS, INDIRECT, SPECIAL, INCIDENTAL, EXEMPLARY OR CONSEQUENTIAL DAMAGES OF ANY KIND ARISING OUT OF OR IN CONNECTION WITH THIS AGREEMENT, HOWEVER CAUSED AND ON",MANUAL_REVIEW,LOW↔HIGH,Gemini↑,2,context-dependent — read text not type name,LOW (45%),LOW,HIGH,High,0.95,0.9,"The clause establishes a standard mutual cap on consequential damages while explicitly carving out critical exceptions for fraud, gross negligence, willful misconduct, and confidentiality breaches. This structure is balanced and aligns with common market practice, ensuring the signing party retains full liability exposure for serious misconduct while limiting exposure to indirect losses in standard scenarios.","This clause carves out several significant areas from the general limitation on liability for indirect, special, incidental, exemplary, or consequential damages. For the signing party, this means that liability for breaches of confidentiality, fraud, gross negligence, willful misconduct, and indemnification obligations remains uncapped for these types of damages. These are common carve-outs, but they represent substantial areas where the signing party could face unlimited exposure to consequential and other indirect damages, which is a high risk.",,Rajnish,
5235,MR-208,BIOCEPTINC_08_19_2013-EX-10-COLLABORATION AGREEMENT__Uncapped Liability,BIOCEPTINC_08_19_2013-EX-10-COLLABORATION AGREEMENT,Uncapped Liability,"NEITHER PARTY SHALL BE ENTITLED TO RECOVER FROM THE OTHER PARTY ANY SPECIAL, INCIDENTAL, CONSEQUENTIAL OR PUNITIVE DAMAGES IN CONNECTION WITH THIS AGREEMENT OR ANY LICENSE GRANTED HEREUNDER; provided, however, that this Section shall neither (a) apply to any liability for damages arising from breach of any obligations of confidentiality under Article 10, nor (b) limit the indemnification obligations of the parties arising under Article 12 of this Agreement.",MANUAL_REVIEW,LOW↔HIGH,Gemini↑,2,context-dependent — read text not type name,LOW (45%),LOW,HIGH,High,1.0,1.0,"The clause imposes a mutual exclusion on consequential and punitive damages for both parties, creating a balanced risk allocation that is standard in commercial agreements and does not disproportionately expose the signing party to uncapped liability.","The clause explicitly carves out breaches of confidentiality and indemnification obligations from the limitation on special, incidental, consequential, or punitive damages. This means that for these specific breaches, the signing party's liability for these types of damages is uncapped, creating significant potential financial exposure.",,Rajnish,
5236,MR-209,"CARDAX,INC_08_19_2014-EX-10.1-COLLABORATION AGREEMENT__Uncapped Liability","CARDAX,INC_08_19_2014-EX-10.1-COLLABORATION AGREEMENT",Uncapped Liability,"Except in the event of (i) a Party's gross negligence or willful misconduct and/or (ii) a Party's breach of its confidentiality obligation, the total liability of one Party to the other Party (and its Affiliates) arising out of or in connection with this Agreement or the Products, whether in contract, tort (including negligence), statute or otherwise, shall, to the maximum extent permitted by Applicable Law, be limited to the amount of revenues it receives under this Agreement.",MANUAL_REVIEW,LOW↔HIGH,Gemini↑,2,context-dependent — read text not type name,LOW (45%),LOW,HIGH,High,1.0,1.0,"The clause establishes a clear financial cap on liability based on revenues received, which is a standard and balanced commercial term that protects the signing party from unlimited exposure, while preserving exceptions for gross negligence, willful misconduct, and confidentiality breaches.","The clause creates significant uncapped liability for the signing party in cases of gross negligence, willful misconduct, and breach of confidentiality. These exceptions are common, but the uncapped nature for these specific breaches means the signing party's financial exposure could be substantial and exceed the revenue received under the agreement, which is a high risk.",,Rajnish,
5237,MR-210,CardlyticsInc_20180112_S-1_EX-10.16_11002987_EX-10.16_Maintenance Agreement1__Uncapped Liability,CardlyticsInc_20180112_S-1_EX-10.16_11002987_EX-10.16_Maintenance Agreement1,Uncapped Liability,"Neither Party shall be liable to the other for any special, indirect, incidental, consequential, punitive or exemplary damages, including, but not limited to, lost profits, even if such Party alleged to be liable has knowledge of the possibility of such damages, provided, however, that the limitations set forth in this Section shall not apply to or in any way limit the obligations of the Section entitled ""Indemnity,"" the Section entitled ""Confidentiality and Information Protection,"" or Supplier's gross negligence or willful misconduct.",MANUAL_REVIEW,LOW↔HIGH,Gemini↑,2,context-dependent — read text not type name,LOW (45%),LOW,HIGH,High,0.95,1.0,"The clause establishes a mutual cap on liability for consequential damages, which is standard market practice and provides balanced protection for the signing party by excluding exposure to unpredictable losses like lost profits.","The clause explicitly carves out several key areas from the general limitation on damages, including indemnity, confidentiality, gross negligence, and willful misconduct. This means that for breaches related to these areas, the signing party (as the counterparty to the drafter/Supplier) could face uncapped liability for all types of damages, including consequential and punitive damages, which represents a significant and potentially unlimited financial exposure.",,Rajnish,
5238,MR-211,CoherusBiosciencesInc_20200227_10-K_EX-10.29_12021376_EX-10.29_Development Agreement__Uncapped Liability,CoherusBiosciencesInc_20200227_10-K_EX-10.29_12021376_EX-10.29_Development Agreement,Uncapped Liability,"Except for a breach of Section 11 (""Confidentiality""), and without limiting a Party's indemnification obligations hereunder, in no event shall either Party be liable to the other Party in any manner for any special, non- compensatory, consequential, indirect, incidental, statutory or punitive damages of any kind, including lost profits and lost revenue, regardless of the form of action, whether in contract, tort, product liability or otherwise, even if informed of or aware of the possibility of any such damages in advance, except to the extent that such limitation of liability is contrary to the Applicable Law or any such special, non-compensatory, consequential, indirect, incidental, statutory or punitive damages have been awarded to a Third Party under a Third Party Claim.",MANUAL_REVIEW,LOW↔HIGH,Gemini↑,2,context-dependent — read text not type name,LOW (45%),LOW,HIGH,High,0.95,1.0,"The clause imposes a mutual cap on liability for consequential and punitive damages, which is standard market practice and provides balanced protection for the signing party by limiting exposure to direct damages only.","The clause explicitly carves out breaches of confidentiality from the limitation on damages, meaning liability for such breaches is uncapped. Additionally, it states that the limitations do not apply to indemnification obligations, which could also lead to uncapped liability for the signing party if they are the indemnifying party. This creates significant, potentially unlimited, financial exposure for the signing party.",,Rajnish,
5239,MR-212,EUROPEANMICROHOLDINGSINC_03_06_1998-EX-10.6-DISTRIBUTOR AGREEMENT__Uncapped Liability,EUROPEANMICROHOLDINGSINC_03_06_1998-EX-10.6-DISTRIBUTOR AGREEMENT,Uncapped Liability,"EXCEPT AS PROVIDED IN PARAGRAPH 15, WGT'S      LIABILITY(WHETHER IN CONTRACT, WARRANTY, TORT (INCLUDING NEGLIGENCE WHETHER      ACTIVE, PASSIVE, IMPUTED), PRODUCT LIABILITY, STRICT LIABILITY OR OTHER      THEORY) UNDER THIS AGREEMENT OR WITH REGARD TO ANY PRODUCT OR OTHER ITEMS      FURNISHED UNDER THIS AGREEMENT WILL IN NO EVENT EXCEED THE COMPENSATION      PAID TO WGT CONCERNING SUCH PRODUCT UNDER THIS AGREEMENT.",MANUAL_REVIEW,LOW↔HIGH,Gemini↑,2,context-dependent — read text not type name,LOW (45%),LOW,HIGH,High,0.95,1.0,"The clause establishes a clear, standard monetary cap on liability tied directly to the compensation paid, which is a common and balanced commercial practice that limits the signing party's exposure to a predictable amount.","This clause severely limits the drafter's (WGT's) liability to the amount of compensation paid for the product, which could be significantly less than the actual damages incurred by the signing party due to a breach. This creates a disproportionate risk for the signing party, as their potential losses are uncapped while the drafter's liability is capped at a potentially very low amount.",,Rajnish,
5240,MR-213,ImpresseCorp_20000322_S-1A_EX-10.11_5199234_EX-10.11_Co-Branding Agreement__Uncapped Liability,ImpresseCorp_20000322_S-1A_EX-10.11_5199234_EX-10.11_Co-Branding Agreement,Uncapped Liability,Except for claims under Sections 9.4  [INDEMNIFICATION BY IMPRESSE] and 9.5  [INDEMNIFICATION BY VERTICALNET],MANUAL_REVIEW,LOW↔HIGH,Gemini↑,2,context-dependent — read text not type name,LOW (45%),LOW,HIGH,High,0.85,0.9,"The clause text functions as a carve-out or exclusion rather than an imposition of uncapped liability, indicating that uncapped liability is limited to specific indemnification sections while the general liability framework likely remains capped or standard.","This clause explicitly carves out indemnification obligations from any general liability cap that might exist elsewhere in the contract. From the perspective of the signing party (VerticalNet, if this is a contract drafted by Impresse), this means their indemnification obligations under Section 9.5 are uncapped, exposing them to potentially unlimited liability for certain breaches. This is a significant risk.",,Rajnish,
5241,MR-214,JOINTCORP_09_19_2014-EX-10.15-FRANCHISE AGREEMENT__Uncapped Liability,JOINTCORP_09_19_2014-EX-10.15-FRANCHISE AGREEMENT,Uncapped Liability,"Except with respect to your obligations to indemnify us and claims that we may bring under Sections 7, 9, 15, or 16 of this Agreement, and except for claims arising from your non-payment or underpayment of any amounts owed to us or our affiliates, (1) any and all claims arising out of or related to this Agreement or the relationship between you and us shall be barred, by express agreement of the parties, unless an action or proceeding is commenced within two (2) years from the date the cause of action accrues; and (2) you and we hereby waive to the fullest extent permitted by law, any right to or claim for any punitive or exemplary damages against the other, and agree that, except to the extent provided to the contrary in this Agreement, in the event of a dispute between you and us, each party will be limited to the recovery of any actual damages sustained by it.",MANUAL_REVIEW,LOW↔HIGH,Gemini↑,2,context-dependent — read text not type name,LOW (45%),LOW,HIGH,High,0.0,1.0,"The clause establishes a mutual cap on damages limited to actual damages and waives punitive damages, which is a standard balanced provision that protects the signing party from unlimited liability exposure.","The clause explicitly carves out several categories of liability from the general limitation of 'actual damages sustained by it,' including indemnification obligations, claims under specific sections (7, 9, 15, 16), and non-payment/underpayment. This means the signing party's liability for these carved-out items is uncapped, creating significant potential financial exposure. The specific sections are not provided, so the full scope of uncapped liability is unknown but potentially broad.",,Rajnish,
5242,MR-215,"KUBIENT,INC_07_02_2020-EX-10.14-MASTER SERVICES AGREEMENT_Part1__Uncapped Liability","KUBIENT,INC_07_02_2020-EX-10.14-MASTER SERVICES AGREEMENT_Part1",Uncapped Liability,"EXCEPT WITH RESPECT TO THE PARTIES' LIABILITY FOR INDEMNIFICATION, OR LIABILITY FOR BREACH OF CONFIDENTIALITY, NEITHER PARTY SHALL BE LIABLE FOR ANY CONSEQUENTIAL, INCIDENTAL, INDIRECT, PUNITIVE, SPECIAL OR OTHER SIMILAR DAMAGES, WHETHER OR NOT CAUSED BY THE OTHER PARTY'S EMPLOYEES OR REPRESENTATIVES„ WHETHER UNDER TORT (INCLUDING NEGLIGENCE), CONTRACT OR OTHER THEORIES OF RECOVERY, EVEN IF THE OTHER PARTY WAS OR SHOULD HAVE BEEN AWARE OR WAS ADVISED OF THE POSSIBILITY OF SUCH DAMAGES.",MANUAL_REVIEW,LOW↔HIGH,Gemini↑,2,context-dependent — read text not type name,LOW (45%),LOW,HIGH,High,1.0,1.0,"The clause is mutual, applying the exclusion of consequential damages to both parties equally, which is standard market practice and provides balanced protection for the signing party.","The clause explicitly carves out indemnification and breach of confidentiality from the limitation on consequential and other similar damages. This means that for these specific types of breaches, the signing party's liability for damages, including consequential, incidental, indirect, punitive, and special damages, is uncapped. This represents a significant potential financial exposure for the signing party, as these types of damages can be substantial and difficult to quantify.",,Rajnish,
5243,MR-216,LeadersonlineInc_20000427_S-1A_EX-10.8_4991089_EX-10.8_Co-Branding Agreement__Uncapped Liability,LeadersonlineInc_20000427_S-1A_EX-10.8_4991089_EX-10.8_Co-Branding Agreement,Uncapped Liability,"EXCEPT IN CONNECTION WITH A BREACH BY EITHER PARTY OF ARTICLE 9 OR SECTION 10.1.4  [Representations and Warranties] (v) AND THE INDEMNIFICATION OBLIGATIONS OF LEADERSONLINE UNDER SECTION 11.4(i)(c)  [Indemnification by LeadersOnline] AND THE INDEMNIFICATION OBLIGATIONS OF VERTICALNET UNDER SECTION 11.5(i)(c)  [Indemnification by VerticalNet], NEITHER PARTY WILL BE LIABLE FOR ANY SPECIAL, INDIRECT, CONSEQUENTIAL, EXEMPLARY OR INCIDENTAL DAMAGES ARISING OUT OF OR RELATED TO THIS AGREEMENT, HOWEVER CAUSED AND UNDER ANY THEORY",MANUAL_REVIEW,LOW↔HIGH,Gemini↑,2,context-dependent — read text not type name,LOW (45%),LOW,HIGH,High,0.95,1.0,"The clause establishes a mutual cap on consequential damages, which is standard market practice and balanced; it does not expose the signing party to uncapped liability for these specific types of damages, and the exceptions for representations, warranties, and indemnification are typical carve-outs that do not create disproportionate risk.","This clause explicitly carves out several types of breaches and indemnification obligations from the general exclusion of special, indirect, consequential, exemplary, or incidental damages. This means that for breaches of Article 9 (likely IP or confidentiality, given the common structure of contracts), certain representations and warranties, and specific indemnification obligations, the signing party's liability for these types of damages is uncapped. This creates significant potential for high financial exposure for the signing party.",,Rajnish,
5244,MR-217,"Magenta Therapeutics, Inc. - Master Development and Manufacturing Agreement__Uncapped Liability","Magenta Therapeutics, Inc. - Master Development and Manufacturing Agreement",Uncapped Liability,"NOTWITHSTANDING THE FOREGOING, THESE LIMITATIONS SHALL NOT APPLY TO DAMAGES ARISING FROM A PARTY'S (I) INDEMNIFICATION OBLIGATIONS UNDER SECTION 11.1 OR SECTION 11.2 HEREOF, (II) GROSS NEGLIGENCE OR WILFUL MISCONDUCT, (III) BREACH OF ITS OBLIGATIONS UNDER SECTION 9 OR (IV) INFRINGEMENT OR MISAPPROPRIATION OF THE OTHER PARTY'S INTELLECTUAL PROPERTY.",MANUAL_REVIEW,LOW↔HIGH,Gemini↑,2,context-dependent — read text not type name,LOW (45%),LOW,HIGH,High,0.95,1.0,"The clause creates standard, balanced exceptions to liability caps for fundamental breaches like gross negligence, willful misconduct, and IP infringement, which is common market practice and does not expose the signing party to disproportionate risk.","This clause creates significant uncapped liability for the signing party in multiple areas, including indemnification, gross negligence, willful misconduct, breach of Section 9 (which is undefined but could be substantial), and intellectual property infringement. This broad scope of uncapped liability exposes the signing party to potentially unlimited financial risk, which is heavily one-sided and disproportionately benefits the drafter.",,Rajnish,
5245,MR-218,NETGROCERINC_07_31_1998-EX-10.15-SPONSORSHIP AGREEMENT__Uncapped Liability,NETGROCERINC_07_31_1998-EX-10.15-SPONSORSHIP AGREEMENT,Uncapped Liability,"EXCEPT UNDER SECTION 11(a), IN NO EVENT WILL EITHER PARTY BE LIABLE TO          THE OTHER FOR ANY SPECIAL, INCIDENTAL OR CONSEQUENTIAL DAMAGES,          WHETHER BASED ON BREACH OF CONTRACT, TORT (INCLUDING NEGLIGENCE) OR          OTHERWISE, WHETHER OR NOT THAT PARTY HAS BEEN ADVISED OF THE          POSSIBILITY OF SUCH DAMAGE. THE LIABILITY OF EXCITE FOR DAMAGES OR          ALLEGED DAMAGES HEREUNDER, WHETHER IN CONTRACT, TORT OR ANY OTHER          LEGAL THEORY, IS LIMITED TO, AND WILL NOT EXCEED, THE TOTAL AMOUNTS          PREVIOUSLY PAID OR TO BE PAID BY NETGROCER TO EXCITE HEREUNDER [*]",MANUAL_REVIEW,LOW↔HIGH,Gemini↑,2,context-dependent — read text not type name,LOW (45%),LOW,HIGH,High,1.0,0.9,"The clause establishes a clear monetary cap on liability based on fees paid, which is a standard and favorable protection for the signing party (NetGrocer) against unlimited exposure, while also excluding consequential damages.","The clause caps the drafter's (Excite's) liability to the amounts paid by the signing party (Netgrocer), which is highly unfavorable to Netgrocer. This means that even if Excite causes significant damages, Netgrocer's recovery is limited to the fees paid, potentially leaving Netgrocer with substantial unrecoverable losses. The exception under Section 11(a) is not provided, so its impact cannot be assessed, but the general cap is a major concern.",,Rajnish,
5246,MR-219,OPERALTD_04_30_2020-EX-4.14-SERVICE AGREEMENT__Uncapped Liability,OPERALTD_04_30_2020-EX-4.14-SERVICE AGREEMENT,Uncapped Liability,"Subject to the foregoing as wen as Mobimagic's obligations under this Agreement, Mobimagic shall not in any manner be held or be responsible or liable for any unforeseen contingency, claims, liabilities, demands. losses, damages or expenses arising due to absence of storage or retention of any PC Financial data which shall be the sole responsibility of PC Financial .",MANUAL_REVIEW,LOW↔HIGH,Qwen↑,2,context-dependent — read text not type name,LOW (45%),HIGH,LOW,High,0.95,0.9,"The clause completely exempts Mobimagic from liability for data loss or absence of storage, shifting all responsibility to PC Financial regardless of fault or negligence. This creates a significant, one-sided exposure where the signing party bears the full financial risk for potential data breaches or losses without recourse against the service provider.","The clause explicitly states that Mobimagic is not liable for issues arising from the absence of storage or retention of PC Financial data, making this the sole responsibility of PC Financial. This is a clear allocation of responsibility and limitation of liability for Mobimagic, which is favorable to PC Financial as it defines a specific area where Mobimagic is not liable, rather than uncapping PC Financial's liability.",,Rajnish,
5247,MR-220,"PAXMEDICA,INC_07_02_2020-EX-10.12-Master Service Agreement__Uncapped Liability","PAXMEDICA,INC_07_02_2020-EX-10.12-Master Service Agreement",Uncapped Liability,"Notwithstanding any other provision of this Agreement, each party's total liability in respect of damages under this Agreement, any regulation or common law shall be limited to the sum of all amounts received from Client in terms of this Agreement; provided, however, that this limitation shall not apply with respect to any claims arising out of or relating to clause 6 (Inventions and Proprietary Information), indemnification obligations or damages arising from a party's gross negligence or willful misconduct.",MANUAL_REVIEW,LOW↔HIGH,Gemini↑,2,context-dependent — read text not type name,LOW (45%),LOW,HIGH,High,1.0,1.0,"The clause establishes a standard, balanced liability cap based on fees paid, which is common market practice and protects the signing party from unlimited exposure, while the exclusions for gross negligence and willful misconduct are standard and do not create disproportionate risk.","The clause explicitly carves out significant areas from the liability cap, including IP, indemnification, gross negligence, and willful misconduct. This leaves the signing party with uncapped liability for these potentially high-value claims, which is a substantial risk exposure.",,Rajnish,
5248,MR-221,PareteumCorp_20081001_8-K_EX-99.1_2654808_EX-99.1_Hosting Agreement__Uncapped Liability,PareteumCorp_20081001_8-K_EX-99.1_2654808_EX-99.1_Hosting Agreement,Uncapped Liability,"Limitation of liability as described in this article shall not apply:   a) in case the damage or loss is caused by a Party's willful misconduct (including fraud) or gross negligence, or   b) in case of a breach of a Parties obligation under article 11 (confidentiality) and article 15 (indemnification for breach of intellectual property rights).",MANUAL_REVIEW,LOW↔HIGH,Gemini↑,2,context-dependent — read text not type name,LOW (45%),LOW,HIGH,High,1.0,1.0,"The clause explicitly carves out liability for willful misconduct, fraud, and gross negligence, which is standard market practice and ensures the signing party retains full liability for egregious behavior while maintaining protections for ordinary breaches.","This clause removes the limitation of liability for several significant areas: willful misconduct, gross negligence, breach of confidentiality, and breach of intellectual property rights. From the perspective of the signing party, this creates uncapped liability for these common and potentially high-value breach types, leading to significant financial exposure.",,Rajnish,
5249,MR-222,STAMPSCOMINC_06_24_1999-EX-10.18-SPONSORSHIP AGREEMENT__Uncapped Liability,STAMPSCOMINC_06_24_1999-EX-10.18-SPONSORSHIP AGREEMENT,Uncapped Liability,"THE LIABILITY OF EITHER PARTY FOR DAMAGES OR ALLEGED DAMAGES      HEREUNDER (EXCEPT UNDER SECTIONS 15 AND 16), WHETHER IN CONTRACT, TORT OR      ANY OTHER LEGAL THEORY, IS LIMITED TO, AND WILL NOT EXCEED, THE AMOUNTS TO      BE PAID BY CLIENT TO INTUIT HEREUNDER.",MANUAL_REVIEW,LOW↔HIGH,Gemini↑,2,context-dependent — read text not type name,LOW (45%),LOW,HIGH,High,1.0,1.0,"The clause establishes a mutual liability cap based on fees paid, which is a standard commercial practice that protects the signing party from unlimited exposure while maintaining balance between both parties.","The clause explicitly carves out Sections 15 and 16 from the liability cap, meaning that for breaches under those sections, the signing party's liability is uncapped. Without knowing the content of Sections 15 and 16, this presents a significant and undefined risk exposure for the signing party, as these sections could relate to critical obligations like IP infringement or confidentiality, which often carry substantial damages.",,Rajnish,
5250,MR-223,ScansourceInc_20190822_10-K_EX-10.38_11793958_EX-10.38_Distributor Agreement1__Uncapped Liability,ScansourceInc_20190822_10-K_EX-10.38_11793958_EX-10.38_Distributor Agreement1,Uncapped Liability,"NOTWITHSTANDING ANYTHING ELSE IN THIS AGREEMENT TO THE CONTRARY, AND EXCEPT FOR LIABILITY ARISING OUT OF DISTRIBUTOR'S BREACH OF SECTION 9 (PROPRIETARY RIGHTS AND SOFTWARE LICENSING) OR EXHIBIT C (SOFTWARE LICENSE AGREEMENT), OR AMOUNTS DUE FOR PRODUCTS AND SERVICES PURCHASED WITH RESPECT TO THE PAYMENT OF WHICH NO BONA FIDE DISPUTE EXISTS, ALL LIABILITY OF EACH PARTY, INCLUDING EACH PARTY'S AFFILIATES, OFFICERS, DIRECTORS, EMPLOYEES, AGENTS AND SUPPLIERS COLLECTIVELY, FOR CLAIMS ARISING UNDER THIS AGREEMENT OR OTHERWISE HOWSOEVER ARISING SHALL BE LIMITED SEPARATELY FOR PRODUCTS AND SERVICES PURCHASES TO THE GREATER OF I) [*****] OR (ll)THE MONEY PAID TO CISCO FOR PRODUCTS OR FOR SERVICES, SEPARATELY AND AS APPLICABLE, UNDER THIS AGREEMENT DURING THE [*****] PERIOD PRECEDING THE EVENT OR CIRCUMSTANCES FIRST GIVING RISE TO SUCH LIABILITY.",MANUAL_REVIEW,LOW↔HIGH,Gemini↑,2,context-dependent — read text not type name,LOW (45%),LOW,HIGH,High,0.95,1.0,"The clause establishes a mutual liability cap based on payments made, which is standard commercial practice. While it carves out specific exceptions for IP breaches and unpaid invoices, the general limitation protects the signing party from unlimited exposure for other claims.","The clause explicitly carves out uncapped liability for the Distributor's (signing party's) breach of proprietary rights and software licensing obligations. This means that for critical areas like IP infringement, the Distributor's liability is unlimited, which represents a significant and potentially disproportionate risk exposure for the signing party, especially given the nature of software distribution.",,Rajnish,
5251,MR-224,StaarSurgicalCompany_20180801_10-Q_EX-10.37_11289449_EX-10.37_Distributor Agreement__Uncapped Liability,StaarSurgicalCompany_20180801_10-Q_EX-10.37_11289449_EX-10.37_Distributor Agreement,Uncapped Liability,"EXCEPT FOR EACH PARTY'S CONFIDENTIALITY OBLIGATIONS SET FORTH IN SECTION 12 AND INDEMNIFICATION OBLIGATIONS SET FORTH IN THIS SECTION 13, WITHOUT LIMITING ANY RIGHT DISTRIBUTOR MAY HAVE UNDER LOCAL STATUTES THAT CANNOT BE EXCLUDED, RESTRICTED OR MODIFIED, NEITHER PARTY SHALL BE LIABLE FOR ANY INDIRECT, INCIDENTAL, CONSEQUENTIAL, PUNITIVE OR SPECIAL DAMAGES, OR FOR DAMAGES DUE TO LOSS OF PROFITS, LOSS OF BUSINESS, LOSS OF USE OR DATA, OR INTERRUPTION OF BUSINESS, EVEN IF SUCH PARTY HAS BEEN ADVISED OF THE POSSIBILITY OF SUCH DAMAGES.",MANUAL_REVIEW,LOW↔HIGH,Gemini↑,2,context-dependent — read text not type name,LOW (45%),LOW,HIGH,High,1.0,1.0,"The clause establishes a mutual exclusion of consequential damages for both parties, which is a standard and balanced commercial practice that protects the signing party from unlimited liability for indirect losses.","The clause explicitly carves out confidentiality and indemnification obligations from the general limitation on indirect, incidental, consequential, punitive, or special damages. This means that for breaches of confidentiality and indemnification, the signing party's liability is uncapped, exposing them to potentially significant and unlimited financial risk for these specific types of breaches.",,Rajnish,
5252,MR-225,TheglobeComInc_19990503_S-1A_EX-10.20_5416126_EX-10.20_Co-Branding Agreement__Uncapped Liability,TheglobeComInc_19990503_S-1A_EX-10.20_5416126_EX-10.20_Co-Branding Agreement,Uncapped Liability,"EXCEPT IN THE EVENT OF A CLAIM UNDER SECTION 10 OR FAILURE TO PAY UNDER SECTION 6, IN NO EVENT SHALL EITHER PARTY BE LIABLE TO THE",MANUAL_REVIEW,LOW↔HIGH,Gemini↑,2,context-dependent — read text not type name,LOW (45%),LOW,HIGH,High,0.95,0.9,"The clause establishes a mutual liability cap for both parties, which is a standard and balanced commercial term that protects the signing party from unlimited exposure, with only specific exceptions for Section 10 claims and payment failures.","The clause explicitly carves out exceptions to liability caps for claims under Section 10 and failure to pay under Section 6. This means that for these specific breaches, the signing party's liability could be unlimited, which represents a significant and uncapped financial exposure. Without knowing the content of Section 10, it's impossible to fully assess the scope of this uncapped liability, but the mere existence of uncapped liability for certain breaches is a high risk.",,Rajnish,
5253,MR-226,TodosMedicalLtd_20190328_20-F_EX-4.10_11587157_EX-4.10_Marketing Agreement_ Reseller Agreement__Uncapped Liability,TodosMedicalLtd_20190328_20-F_EX-4.10_11587157_EX-4.10_Marketing Agreement_ Reseller Agreement,Uncapped Liability,"Except with regard to a breach of confidentiality, a party's indemnification obligations hereunder, or infringement of intellectual property rights, either party's total liability to the other party under this Agreement shall be limited to the amounts paid or payable by the Reseller to Todos during the twelve-month period preceding the interposition of the claim.",MANUAL_REVIEW,LOW↔HIGH,Gemini↑,2,context-dependent — read text not type name,LOW (45%),LOW,HIGH,High,1.0,1.0,"The clause establishes a standard, mutual liability cap based on a reasonable look-back period (12 months), which is common market practice and provides balanced protection for the signing party against unlimited exposure.","The clause explicitly carves out significant areas from the general liability cap, including breach of confidentiality, indemnification obligations, and intellectual property infringement. This means that for these critical areas, the signing party's liability is uncapped, exposing them to potentially unlimited financial risk for common and often high-value claims.",,Rajnish,
5254,MR-227,"VAXCYTE,INC_05_22_2020-EX-10.19-SUPPLY AGREEMENT__Uncapped Liability","VAXCYTE,INC_05_22_2020-EX-10.19-SUPPLY AGREEMENT",Uncapped Liability,"EXCEPT (I) WITH RESPECT TO ANY BREACH OF ARTICLE 8 (CONFIDENTIALITY), (II) FOR THIRD PARTY PENALTIES, COSTS AND EXPENSES AS SET FORTH IN SECTION 2.9, OR (III) FOR [***], TO THE MAXIMUM EXTENT PERMITTED BY LAW, (A) NEITHER PARTY SHALL BE LIABLE TO THE OTHER PARTY FOR ANY INDIRECT, INCIDENTAL, CONSEQUENTIAL, SPECIAL OR PUNITIVE DAMAGES, WHETHER LIABILITY IS ASSERTED IN CONTRACT, TORT (INCLUDING NEGLIGENCE), STRICT LIABILITY, OR ANY OTHER THEORY OR FORM OF ACTION, EVEN IF SUCH PARTY HAS BEEN ADVISED OF THE POSSIBILITY THEREOF; AND (B) EACH PARTY'S TOTAL LIABILITY TO THE OTHER PARTY UNDER THIS SUPPLY AGREEMENT SHALL NOT EXCEED [***].",MANUAL_REVIEW,LOW↔HIGH,Gemini↑,2,context-dependent — read text not type name,LOW (45%),LOW,HIGH,High,0.0,0.9,"The clause establishes a mutual liability cap and excludes indirect/consequential damages for both parties, representing a balanced, standard commercial term that protects the signing party from unlimited exposure.","The clause explicitly carves out breaches of confidentiality, third-party penalties/costs/expenses, and another unspecified item ([***]) from the general liability cap. This means that for these specific types of breaches, the signing party's liability is uncapped, creating significant potential financial exposure. While some carve-outs are common, the breadth of potential uncapped liability here (especially the unspecified [***]) makes it a high risk.",,Rajnish,
5255,MR-228,"VIRTUALSCOPICS,INC_11_12_2010-EX-10.1-STRATEGIC ALLIANCE AGREEMENT__Uncapped Liability","VIRTUALSCOPICS,INC_11_12_2010-EX-10.1-STRATEGIC ALLIANCE AGREEMENT",Uncapped Liability,"EXCEPT WITH REGARD TO A PARTY'S BREACH OF SECTION 9, GROSS NEGLIGENCE, WILLFUL MISCONDUCT AND INDEMNIFICATION OBLIGATIONS RELATED TO THIRD PARTY CLAIMS PURSUANT TO SECTION 12, EACH PARTY'S ENTIRE LIABILITY UNDER THIS AGREEMENT WILL IN NO EVENT EXCEED THREE TIMES (3X) THE TOTAL VALUE OF THE WORK ORDER UNDER WHICH THE CLAIM AROSE.",MANUAL_REVIEW,LOW↔HIGH,Gemini↑,2,context-dependent — read text not type name,LOW (45%),LOW,HIGH,High,1.0,1.0,"The clause establishes a clear, mutual liability cap of three times the work order value, which is a standard commercial practice that limits exposure to a predictable multiple of the contract value rather than leaving it uncapped.","The clause creates significant uncapped liability for the signing party for breaches of Section 9, gross negligence, willful misconduct, and third-party indemnification obligations. These exceptions are broad and common areas of dispute, exposing the signing party to potentially unlimited financial risk beyond the stated 3x cap.",,Rajnish,
5256,MR-229,ZogenixInc_20190509_10-Q_EX-10.2_11663313_EX-10.2_Distributor Agreement__Uncapped Liability,ZogenixInc_20190509_10-Q_EX-10.2_11663313_EX-10.2_Distributor Agreement,Uncapped Liability,"NEITHER PARTY SHALL BE ENTITLED TO RECOVER FROM THE OTHER PARTY ANY SPECIAL, INCIDENTAL, CONSEQUENTIAL OR PUNITIVE DAMAGES IN CONNECTION WITH THIS AGREEMENT; provided however, that this Section 10.5 shall not be construed to limit (a) either Party's right to special, incidental or consequential damages for the other Party's breach of Article 8 or (b) either Party's indemnification rights or obligations under Article 11.",MANUAL_REVIEW,LOW↔HIGH,Gemini↑,2,context-dependent — read text not type name,LOW (45%),LOW,HIGH,High,1.0,0.9,"The clause imposes a mutual cap on consequential damages for both parties, which is a standard and balanced commercial provision that protects the signing party from unlimited liability exposure.","While the clause generally disclaims special, incidental, consequential, and punitive damages, it carves out significant exceptions. Specifically, it allows for the recovery of special, incidental, or consequential damages for breaches of 'Article 8' and does not limit indemnification rights or obligations under 'Article 11'. Without knowing the scope of Article 8 (which could cover critical obligations like IP or confidentiality) or Article 11 (which typically covers third-party claims and could include uncapped liability), the signing party faces potentially uncapped liability for these types of damages and indemnification obligations, which is a significant risk.",,Rajnish,
5258,MR-231,GOCALLINC_03_30_2000-EX-10.7-Promotion Agreement__Volume Restriction,GOCALLINC_03_30_2000-EX-10.7-Promotion Agreement,Volume Restriction,"PageMaster Corporation shall provide a minimum of 100,000 up to                500,000 pagers for the fulfillment of this promotion to all                Purchase Customers who prepay their annual airtime.",MANUAL_REVIEW,LOW↔HIGH,Qwen↑,2,typically LOW — limits drafter not signing party,LOW (65%),HIGH,LOW,Medium,0.9,1.0,"The clause imposes a mandatory minimum purchase obligation of 100,000 units on the signing party (Purchase Customers) without specifying a corresponding penalty for failure to meet this target or a mechanism to adjust the commitment based on actual demand, creating significant financial exposure for overstocking or unsold inventory.","This clause describes a minimum commitment from the counterparty (PageMaster Corporation) to provide pagers, not a minimum commitment from the signing party to purchase them. This is favorable to the signing party as it guarantees a supply without imposing a purchase obligation.",,Rajnish,
5259,MR-232,KENTUCKYUTILITIESCO_03_25_2003-EX-10.65-TRANSPORTATION AGREEMENT__Volume Restriction,KENTUCKYUTILITIESCO_03_25_2003-EX-10.65-TRANSPORTATION AGREEMENT,Volume Restriction,"ransporter agrees to accept and receive daily on a firm basis, at the Point(s) of Receipt from Shipper or for Shipper's account such quantity of gas as Shipper makes available up to the Transportation Quantity, and to deliver to or for the account of Shipper to the Point(s) of Delivery an Equivalent Quantity of gas.",MANUAL_REVIEW,LOW↔HIGH,Qwen↑,2,typically LOW — limits drafter not signing party,LOW (65%),HIGH,LOW,Medium,0.9,0.9,"The signing party (Transporter) is bound to a 'firm basis' obligation to accept any quantity the Shipper makes available up to the limit, creating a rigid, non-discretionary liability to transport gas regardless of the Transporter's capacity, market conditions, or operational constraints, with no explicit carve-outs for force majeure or capacity constraints.","The clause specifies that the Transporter agrees to accept gas up to the 'Transportation Quantity,' which implies a pre-agreed limit. This is a standard arrangement in transportation contracts, where capacity is defined and agreed upon. There is no indication of a fee increase or consent requirement for exceeding a threshold, as the clause simply states the maximum quantity the Transporter is obligated to accept. From the Shipper's perspective, this is a clear and expected limitation, not an unexpected penalty or restriction.",,Rajnish,
5260,MR-233,PaperexchangeComInc_20000322_S-1A_EX-10.4_5202103_EX-10.4_Co-Branding Agreement__Volume Restriction,PaperexchangeComInc_20000322_S-1A_EX-10.4_5202103_EX-10.4_Co-Branding Agreement,Volume Restriction,"reproduce, display and transmit any VerticalNet Content for up to three weeks on the PaperExchange Site, and after the expiration of such three week period PaperExchange shall cease to reproduce, display and transmit such VerticalNet Content and remove such VerticalNet Content from the PaperExchange Site.",MANUAL_REVIEW,LOW↔HIGH,Gemini↑,2,typically LOW — limits drafter not signing party,LOW (65%),LOW,HIGH,Medium,0.95,0.9,"The clause imposes a clear, finite operational limit (three weeks) followed by an automatic cessation and removal requirement, which is a standard and balanced mechanism for temporary content licensing without imposing hidden fees or consent hurdles on the signing party.","This clause severely restricts PaperExchange's ability to use the VerticalNet Content to a mere three-week period. After this short duration, PaperExchange is explicitly required to cease all use and remove the content, which is highly restrictive and limits the value PaperExchange can derive from the content over time. This is a significant limitation on the signing party's usage rights.",,Rajnish,
5261,MR-234,TELKOMSALTD_01_30_2003-EX-10-LICENCE AND MAINTENANCE AGREEMENT__Volume Restriction,TELKOMSALTD_01_30_2003-EX-10-LICENCE AND MAINTENANCE AGREEMENT,Volume Restriction,"TELKOM is licensed to install at the DESIGNATED SITE no more than 1 (one)   copy of the SOFTWARE on the DESIGNATED UNIT utilised for testing and   backup purposes The DESIGNATED UNIT utilised for testing and backup   purposes of the SOFTWARE, must be of the same type as those used at the    DESIGNATED SITE for USE.",MANUAL_REVIEW,LOW↔HIGH,Gemini↑,2,typically LOW — limits drafter not signing party,LOW (65%),LOW,HIGH,Medium,0.95,0.9,"This is a standard, narrow license restriction limiting the signing party to a single copy for specific testing and backup purposes on a designated unit, which is typical market practice for software licensing and does not impose disproportionate burdens or unexpected fees.","This clause severely restricts the licensee (TELKOM) to only one copy of the software for testing and backup purposes on a single designated unit. This is highly restrictive and could significantly impede TELKOM's ability to adequately test, develop, or recover from failures, especially if their operational needs require more robust testing environments or multiple backup instances. Any deviation would likely be a breach of contract.",,Rajnish,
5262,MR-235,WARNINGMANAGEMENTSERVICESINC_12_10_1999-EX-10-ENDORSEMENT AGREEMENT__Volume Restriction,WARNINGMANAGEMENTSERVICESINC_12_10_1999-EX-10-ENDORSEMENT AGREEMENT,Volume Restriction,"Anything herein to the contrary notwithstanding, Company shall not have the right to distribute photographs of Manning which are larger than 5"" x 7"".",MANUAL_REVIEW,LOW↔HIGH,Gemini↑,2,typically LOW — limits drafter not signing party,LOW (65%),LOW,HIGH,Medium,1.0,0.9,"This is a standard, specific usage restriction on image size that protects the signing party's (Manning's) interests by limiting the scope of distribution; it does not impose fees, consent requirements, or disproportionate liabilities on the signing party.","This clause severely restricts the signing party's (Company's) ability to distribute photographs larger than a very small size. This limitation could significantly hinder marketing, promotional, or other distribution efforts, potentially limiting the impact or reach of the photographs. It is a heavily one-sided restriction that disproportionately benefits the drafter (Manning) by controlling the visual representation, while limiting the Company's utility of the asset.",,Rajnish,
5263,MR-236,WOMENSGOLFUNLIMITEDINC_03_29_2000-EX-10.13-ENDORSEMENT AGREEMENT__Volume Restriction,WOMENSGOLFUNLIMITEDINC_03_29_2000-EX-10.13-ENDORSEMENT AGREEMENT,Volume Restriction,"The Professional hereby grants to the Company the exclusive and worldwide right to use her name, likeness, image and personal identification, singly or in any combination, during the Term and for a period of six (6) months after the Term as provided in Section 2.8, in the creation of two (2) print advertisements per year and one (1) television advertisement per year (together, the ""Advertisements"") for any golf equipment, along with all rights in any images, videos, advertisement copy or other materials created by the Professional or others.",MANUAL_REVIEW,LOW↔HIGH,Qwen↑,2,typically LOW — limits drafter not signing party,LOW (65%),HIGH,LOW,Medium,0.9,1.0,"The signing party (Professional) grants an exclusive, worldwide license for their name and likeness without any explicit compensation, fee increase mechanism, or consent requirement for usage beyond the specified ad count. This creates significant risk as the Professional loses all control and potential revenue from their own identity for the duration of the term plus six months, with no protection against the Company using the likeness in other contexts or for other products not explicitly listed.","The clause explicitly limits the number of advertisements the Company can create using the Professional's likeness, which is favorable to the Professional (the signing party) as it prevents unlimited use without additional compensation or consent. This acts as a clear volume restriction that benefits the Professional.",,Rajnish,
